Title: Software Engineer Internship Spring 2023 || Company: Idaho National Laboratory || Location: Idaho Falls, ID 
Title: Internship 2023 - Software Development || Company: Melaleuca:The Wellness Company || Location: Idaho Falls, ID 
Title: Intern - Software Engineer - Summer 2023 || Company: Lumen || Location: Boise, ID 
Title: Software Engineer Internship Spring 2023 || Company: Idaho National Laboratory || Location: Twin Falls, ID 
Title: Software Engineering Intern - Summer 2023 || Company: CBRE || Location: Meridian, ID 
Title: 2023 Intern - Software Engineer || Company: Adobe || Location: Lehi, UT 
Title: Software Engineering Intern Summer 2023 || Company: Advanced Technology Group (atg) || Location: Missoula, MT 
Title: Software Engineer Internship 2023 || Company: Lucid Software || Location: Salt Lake City, UT 
Title: Software Engineering Intern - Summer 2023 || Company: CBRE || Location: Salt Lake City, UT 
Title: Software Engineering Intern (Summer 2023) || Company: Dropbox || Location: Salt Lake City, UT 
